{
  "1": [
    79.67109176774451,
    20.05874104172564
  ],
  "2": [
    79.67173013349006,
    20.058746080745927
  ],
  "3": [
    79.67170331139991,
    20.058312724409728
  ],
  "4": [
    79.67114541192481,
    20.05821698273217
  ]
}