{
  "1": [
    79.18341464655573,
    21.0945806636312
  ],
  "2": [
    79.18598956721003,
    21.09335945437293
  ],
  "3": [
    79.1858393635052,
    21.09243853583271
  ],
  "4": [
    79.1832644428509,
    21.093459553870225
  ]
}