{
  "1": [
    76.67998750642033,
    23.089084961098635
  ],
  "2": [
    76.68106575444432,
    23.088986266904794
  ],
  "3": [
    76.68060441449376,
    23.08776245288017
  ]
}